{"cameraMode":{"drawMode":0,"name":"Shaded","section":"Shading Mode"},"sceneLighting":false,"audioPlay":false,"sceneViewState":{"showFog":true,"showMaterialUpdate":false,"showSkybox":false,"showFlares":true,"showImageEffects":true,"showParticleSystems":true},"in2DMode":false,"pivot":{"x":-0.06932401657104492,"y":0.993057370185852,"z":0.1203150749206543},"rotation":{"x":0.10077027976512909,"y":0.19274170696735383,"z":-0.019902661442756654,"w":0.9758612513542175},"size":2.1562416553497316,"orthographic":false}